{
  "fold": 2,
  "roc_auc": 0.8909168081494058,
  "accuracy": 0.8115942028985508,
  "precision": 0.7368421052631579,
  "recall": 0.9032258064516129,
  "f1": 0.8115942028985508,
  "best_params": {
    "model__C": 1.0,
    "model__class_weight": null,
    "model__penalty": "l1",
    "model__solver": "liblinear"
  }
}