{
  "roc_auc_mean": 0.9287544464497621,
  "roc_auc_std": 0.027039140476377534,
  "accuracy_mean": 0.8652173913043477,
  "accuracy_std": 0.03421947522642779,
  "precision_mean": 0.8216385550197938,
  "precision_std": 0.050528459435455995,
  "recall_mean": 0.8957165520888418,
  "recall_std": 0.04128257918219913,
  "f1_mean": 0.8558859528302138,
  "f1_std": 0.031846823465347694
}